Topic,Original_Query,Misspelled_Query
Map Search,restaurants near Central Park,restaraunts near Central Park
Map Search,restaurants near Central Park,restaurantes near Centrl Park
Map Search,restaurants near Central Park,ristaurants near Cetral Park
Map Search,restaurants near Central Park,restraunts near Centrul Parke
Map Search,restaurants near Central Park,resaturants near Centarl Prak
Map Search,shortest route to Times Square from JFK Airport,shortest rout to Times Square from JKF Airport
Map Search,shortest route to Times Square from JFK Airport,shortest rute to Times Squre from JFK Airpot
Map Search,shortest route to Times Square from JFK Airport,framewrok to Times Squer from JFK Arport
Map Search,shortest route to Times Square from JFK Airport,learnin the shortest rout to Times Square from JFK Airopert
Map Search,shortest route to Times Square from JFK Airport,appplication of shortest route to Times Square from JKF
Map Search,petrol stations open now in downtown Los Angeles,petrrol stations open now in downtown Los Angeles
Map Search,petrol stations open now in downtown Los Angeles,petroleum stationz opn now in downtown los angeles
Map Search,petrol stations open now in downtown Los Angeles,petrol station oppen now in down town los angles
Map Search,petrol stations open now in downtown Los Angeles,petrol statins open nou in doun town los angleas
Map Search,petrol stations open now in downtown Los Angeles,pittol stasion open noo in daowntwn la anses
Map Search,walking directions to Eiffel Tower from Louvre Museum,walkin dirctions to Eiffel Tower from Louvre Musem
Map Search,walking directions to Eiffel Tower from Louvre Museum,wlkng directionz to Eiffel Tower frm Louvre Muzuem
Map Search,walking directions to Eiffel Tower from Louvre Museum,walikng direkshuns to Eiffel Towr frm Louvre Musium
Map Search,walking directions to Eiffel Tower from Louvre Museum,wailing dirrections to Eiffel Tawer from Louvre Musium
Map Search,walking directions to Eiffel Tower from Louvre Museum,walkin directions to Efelle Toowwr from Lowure Museeum
Map Search,nearest hiking trails in Yosemite National Park,nearest hikin trails in Yosimite Natioanal Parke
Map Search,nearest hiking trails in Yosemite National Park,neares hiking trail in Yosemite National Parke
Map Search,nearest hiking trails in Yosemite National Park,nirst hikeing trailis in Yoemite Nationa Park
Map Search,nearest hiking trails in Yosemite National Park,hikin nearest trails in yosemite national park
Map Search,nearest hiking trails in Yosemite National Park,nearist hikng trails in Yoement Natiol Parke
Job Search,software engineer jobs in San Francisco,software enginier jobs in San Franciso
Job Search,software engineer jobs in San Francisco,sofware engineer jobz in S.F.
Job Search,software engineer jobs in San Francisco,soft ware engineeer jobs san fran Cisco
Job Search,software engineer jobs in San Francisco,engeniree softwear jobs in san fransico
Job Search,software engineer jobs in San Francisco,sftwre engr jrbs in SFrnscisco
Job Search,remote work opportunities in marketing,remorte work oppertunitiez in markiting
Job Search,remote work opportunities in marketing,reemote wark oportunities in marketin
Job Search,remote work opportunities in marketing,remot wurk optnootniz in mwrktng
Job Search,remote work opportunities in marketing,remitee wrk opurtunityz in mrketng
Job Search,remote work opportunities in marketing,remoyte werk oportunitiez in markeitng
Job Search,freelance graphic design projects for beginners,freelacne graphic desin projects for beignners
Job Search,freelance graphic design projects for beginners,free lance grapic design projetcs for begineers
Job Search,freelance graphic design projects for beginners,frealnce grafik design prjoects for beginnrs
Job Search,freelance graphic design projects for beginners,frilance graphc desigh prjects for beignning
Job Search,freelance graphic design projects for beginners,freelans grahic design proyjcts 4 beginniurs
Job Search,data scientist positions at Google,data sciencist positiions at google
Job Search,data scientist positions at Google,daata scientist posistions at Googel
Job Search,data scientist positions at Google,dati scientest positions at Googlee
Job Search,data scientist positions at Google,daata sientist positons at Goggle
Job Search,data scientist positions at Google,datasciense posistionns at googl
Job Search,entry-level mechanical engineering jobs in Austin,entry-leve mechancal enginering jobz in Austen
Job Search,entry-level mechanical engineering jobs in Austin,entry-level mecchnical engrgineer jobs Austn
Job Search,entry-level mechanical engineering jobs in Austin,entr-y level mecnanical engineering jobs A-stun
Job Search,entry-level mechanical engineering jobs in Austin,entiree levrl mechancial engineerinng jibs Atston
Job Search,entry-level mechanical engineering jobs in Austin,en-try leve mechanical enginnering joobs In Autsin
Flight Search,cheap flights from New York to London,"flite, cheep flites from new york to londin, machaine flites from ny to london, leearning cheap flites from nyc to lndn, fraimewrok flites from nyk to lndon"
Flight Search,nonstop flights to Tokyo from Los Angeles,nonstop fligths to Tokio from Los Angles
Flight Search,nonstop flights to Tokyo from Los Angeles,nonstop flights to Tkyo from Los Angeles
Flight Search,nonstop flights to Tokyo from Los Angeles,ninstop flights to Tokyo from Los Angelis
Flight Search,nonstop flights to Tokyo from Los Angeles,ninstap flights to Tojo from Los Angels
Flight Search,nonstop flights to Tokyo from Los Angeles,no-stop flightes to Tokyo from LAngeles
Flight Search,business class deals to Paris in December,busniess clas deals to Pariss in Decembeir
Flight Search,business class deals to Paris in December,bisness clas dials too Paree in Dicember
Flight Search,business class deals to Paris in December,buziness klasses til Pars in Deceber
Flight Search,business class deals to Paris in December,bussines classez to Parisse in Dezember
Flight Search,business class deals to Paris in December,bizness klaseed til Pareys in Dekember
Flight Search,flights under $500 to Hawaii in January,flite under $500 to Hawii in Janurary
Flight Search,flights under $500 to Hawaii in January,flites undr $450 to Hwaii in Jnuary
Flight Search,flights under $500 to Hawaii in January,flights unda $400 to Hawiai in Jaunery
Flight Search,flights under $500 to Hawaii in January,flghts nder $525 to Haawi in Janeray
Flight Search,flights under $500 to Hawaii in January,flayts uner $475 to Howee in Jenuary
Flight Search,flight schedules for Delta Airlines to Chicago,flight scheduels for Delta Airliners to Chiacago
Flight Search,flight schedules for Delta Airlines to Chicago,flite skedules 4 Delta Air Lines to Chicaga
Flight Search,flight schedules for Delta Airlines to Chicago,flightschduels fer Delta Airlines to Chcago
Flight Search,flight schedules for Delta Airlines to Chicago,flght scheduls for DeltA Airlins to ChiCago
Flight Search,flight schedules for Delta Airlines to Chicago,flite shduals 4 delt airlinnes to chiacgo
E-commerce,best laptops under $1000,bezt lap tops under $1000
E-commerce,best laptops under $1000,best laoptops undor $1000
E-commerce,best laptops under $1000,bst laptops under $1000
E-commerce,best laptops under $1000,beest laptoos under $1000
E-commerce,best laptops under $1000,best lappits under $1000
E-commerce,organic skincare products with good reviews,organik skincare prodscts wth gd revews
E-commerce,organic skincare products with good reviews,orgainc skn care prodctz wth goo rewiews
E-commerce,organic skincare products with good reviews,oraganic skinecar prodicts wit good reviewes
E-commerce,organic skincare products with good reviews,orgnac skienr prudcts wth gud rewiews
E-commerce,organic skincare products with good reviews,organik skn car products wth goot revies
E-commerce,discounted furniture for small apartments,discounted furnature for small apartements
E-commerce,discounted furniture for small apartments,dscouted furniture for smal apartments
E-commerce,discounted furniture for small apartments,discouted furrniture for small apartmens
E-commerce,discounted furniture for small apartments,discounterd furinure for smale appartment
E-commerce,discounted furniture for small apartments,discounted furinure for small apeartments
E-commerce,latest iPhone models with trade-in offers,latest iPhon models with trade-in offirs
E-commerce,latest iPhone models with trade-in offers,latist iPhone models wth trad-in offers
E-commerce,latest iPhone models with trade-in offers,laitest IPhone moduls wth trad-in offers
E-commerce,latest iPhone models with trade-in offers,lateset iPhons modelws wth trad-in oerfs
E-commerce,latest iPhone models with trade-in offers,lateest IPhone modelels wth traid-in offreis
E-commerce,top-rated noise-cancelling headphones,top-rtd noise-cancelling headphones
E-commerce,top-rated noise-cancelling headphones,topp r8ed nois-cancelling headphns
E-commerce,top-rated noise-cancelling headphones,tope ratd nosie-celcing heddphones
E-commerce,top-rated noise-cancelling headphones,top-rated nosie-cancling headphnnds
E-commerce,top-rated noise-cancelling headphones,top-rateid nosie-canceling hdhdps
Health and Fitness,yoga classes near me,yogaa classes ner me
Health and Fitness,yoga classes near me,yoga clasess near mee
Health and Fitness,yoga classes near me,clasess yaga naer mee
Health and Fitness,yoga classes near me,yoga clases nr mae
Health and Fitness,yoga classes near me,clasees nyoga near mee
Health and Fitness,gyms with personal trainers in Miami,gym's with persnal trainers in Miam
Health and Fitness,gyms with personal trainers in Miami,gyms w/ persnal trainners in Miami
Health and Fitness,gyms with personal trainers in Miami,gim's with persanal traneurs in Miamii
Health and Fitness,gyms with personal trainers in Miami,gims w/ persanl trainrs in Miamee
Health and Fitness,gyms with personal trainers in Miami,gimzez wit pirsnonal traeners in Maiami
Health and Fitness,low-carb meal prep ideas for weight loss,low-carb meil prep ideaz for weght lass
Health and Fitness,low-carb meal prep ideas for weight loss,loo-karbmeeal preep ideeas for wieght lossse
Health and Fitness,low-carb meal prep ideas for weight loss,law carbmeeal preepp ideaze for wight lossee
Health and Fitness,low-carb meal prep ideas for weight loss,lwo-carb meal preap ideazs for weight loosse
Health and Fitness,low-carb meal prep ideas for weight loss,lwocarb meeal prepe idiease for weght lost
Health and Fitness,home remedies for back pain relief,home remidies for back pain relife
Health and Fitness,home remedies for back pain relief,remedys for back pain relief home
Health and Fitness,home remedies for back pain relief,homed remedies for bak pain relif
Health and Fitness,home remedies for back pain relief,back pain relife hom reemieds
Health and Fitness,home remedies for back pain relief,hom remidy's for back paim relief
Health and Fitness,best running shoes for flat feet,best runnning shoes for flat feet
Health and Fitness,best running shoes for flat feet,beest running shoes for flat feet
Health and Fitness,best running shoes for flat feet,best rerunning shoes for flat feet
Health and Fitness,best running shoes for flat feet,best runninng shoes for flat feet
Health and Fitness,best running shoes for flat feet,bst running shoes for flat feet
Entertainment and Media,movies playing near me this weekend,movies playnig near me this weeeknd
Entertainment and Media,movies playing near me this weekend,movies playing ner me this weekend
Entertainment and Media,movies playing near me this weekend,movies plaiying neer me this wekend
Entertainment and Media,movies playing near me this weekend,movies playing nir me thos weekend
Entertainment and Media,movies playing near me this weekend,movies playing nare me this wkeend
Entertainment and Media,top-rated fantasy novels of 2024,top-raitd fantasy novels of 2024
Entertainment and Media,top-rated fantasy novels of 2024,topratid fantastik novles of 2024
Entertainment and Media,top-rated fantasy novels of 2024,toppu-rated fentashi novels of 2024
Entertainment and Media,top-rated fantasy novels of 2024,topprated fntasy novels of 2020 (note: year changed)
Entertainment and Media,top-rated fantasy novels of 2024,top-r8ted fantazy novls of 2024
Entertainment and Media,concerts in Chicago this month,concerts in Chiacago this mont
Entertainment and Media,concerts in Chicago this month,concerrts inn Chicgao this monthe
Entertainment and Media,concerts in Chicago this month,cnerts in Chiicago this moonth
Entertainment and Media,concerts in Chicago this month,concerts in Chigaco this monthh
Entertainment and Media,concerts in Chicago this month,consrtts in Chcago this monet
Entertainment and Media,free streaming platforms for documentaries,free straming platfoms for documantaries
Entertainment and Media,free streaming platforms for documentaries,fre streemng plattforms 4 dokuementaries
Entertainment and Media,free streaming platforms for documentaries,free strimng platfroms fyr dokumentaris
Entertainment and Media,free streaming platforms for documentaries,frre streming platfoms fer dokumenatris
Entertainment and Media,free streaming platforms for documentaries,fre streeming platfoerms for doocumentery
Entertainment and Media,latest episodes of Stranger Things,latest epizodes of Strangir Things
Entertainment and Media,latest episodes of Stranger Things,lattest episods of Stranger Thingz
Entertainment and Media,latest episodes of Stranger Things,laitest epsiodes of Strainger Thingys
Entertainment and Media,latest episodes of Stranger Things,lateist epissds of Stanger Things
Entertainment and Media,latest episodes of Stranger Things,latet epizods of Strangare Things
Travel and Tourism,best hotels in Bali for families,best hoteles in Bali for famileis
Travel and Tourism,best hotels in Bali for families,best hotelz in Bali for familys
Travel and Tourism,best hotels in Bali for families,best hotels i Bali for familees
Travel and Tourism,best hotels in Bali for families,beast hotals in Bali for familes
Travel and Tourism,best hotels in Bali for families,best hotalis in Bali for family's
Travel and Tourism,top-rated attractions in Rome,topratd atttractions in Rome
Travel and Tourism,top-rated attractions in Rome,topprated atrractions inn Romme
Travel and Tourism,top-rated attractions in Rome,top ratrd attrctns n Roem
Travel and Tourism,top-rated attractions in Rome,top raitd attractions iin Roma
Travel and Tourism,top-rated attractions in Rome,tipe-rated atrractionz in Rom
Travel and Tourism,all-inclusive resorts in the Caribbean,al-inclusiv resorts in th Caribbean
Travel and Tourism,all-inclusive resorts in the Caribbean,all-inclusive resortsin the Caribean
Travel and Tourism,all-inclusive resorts in the Caribbean,aall-inclusive resorts in thee Caribbean
Travel and Tourism,all-inclusive resorts in the Caribbean,appl-inclusive resorts in the Carrabbean
Travel and Tourism,all-inclusive resorts in the Caribbean,alll-inclusive resrots in teh Carribean
Travel and Tourism,visa requirements for US citizens visiting Canada,visa requeirments for US citsiens visitng Caneda
Travel and Tourism,visa requirements for US citizens visiting Canada,visas requirments for US citiizens visiting Canda
Travel and Tourism,visa requirements for US citizens visiting Canada,viza requirements for US citizens visting Canada
Travel and Tourism,visa requirements for US citizens visiting Canada,visa reqirements for US ciitizens vising Cannada
Travel and Tourism,visa requirements for US citizens visiting Canada,vissa requerements for US citzen's visiting Candia
Travel and Tourism,weather forecast for Cancun next week,weather fcast for Cun next wlk
Travel and Tourism,weather forecast for Cancun next week,weather fcast for Canuc neext weeek
Travel and Tourism,weather forecast for Cancun next week,fether forecast for Cancu next wek
Travel and Tourism,weather forecast for Cancun next week,weeather fcast for Cancun nxt wk
Travel and Tourism,weather forecast for Cancun next week,wethur fcast for Cancun next week
General Knowledge and Learning,history of the Great Wall of China,histery of the Greet Wall of China
General Knowledge and Learning,history of the Great Wall of China,historry of the Grete Waw of Chinna
General Knowledge and Learning,history of the Great Wall of China,histroy of th Great Wal of Chyna
General Knowledge and Learning,history of the Great Wall of China,hisotry of the Grat Wall of Cina
General Knowledge and Learning,history of the Great Wall of China,hystory of the Graet Wal of Chiina
General Knowledge and Learning,how to solve quadratic equations,how to slove qudric equations
General Knowledge and Learning,how to solve quadratic equations,how to solv qaudratic ecuations
General Knowledge and Learning,how to solve quadratic equations,qudridic equtions solve
General Knowledge and Learning,how to solve quadratic equations,learn to slove quadreatics
General Knowledge and Learning,how to solve quadratic equations,frame work to slove quatrics
General Knowledge and Learning,current events in the Middle East,cuurent events in teh Middle East
General Knowledge and Learning,current events in the Middle East,currnt events in the Midle East
General Knowledge and Learning,current events in the Middle East,curreent events in the Middle Est
General Knowledge and Learning,current events in the Middle East,currnet events in teh Middel East
General Knowledge and Learning,current events in the Middle East,current evennts in the Middle East
General Knowledge and Learning,free online courses for Python programming,free onlin corsis for pythn prgramming
General Knowledge and Learning,free online courses for Python programming,free online coureses for pyton programming
General Knowledge and Learning,free online courses for Python programming,fre online coursse for python programing
General Knowledge and Learning,free online courses for Python programming,free online courses for pthon progrmaming
General Knowledge and Learning,free online courses for Python programming,fr online coursess for pythin progamming
General Knowledge and Learning,most famous paintings by Van Gogh,most famus painitings by Van Gogh
General Knowledge and Learning,most famous paintings by Van Gogh,mashiest paintings by Van Gogh
General Knowledge and Learning,most famous paintings by Van Gogh,moast famous paintins by Van Gogh
General Knowledge and Learning,most famous paintings by Van Gogh,appriciateed paintings by Van Gogh
General Knowledge and Learning,most famous paintings by Van Gogh,mos't famous paining's by Van Gogh
Local Services,plumbers near me with good reviews,plumers ner me wth gd reviws
Local Services,plumbers near me with good reviews,plmbers nr m wth gud rewiews
Local Services,plumbers near me with good reviews,plumberes neir me wth goo rewievs
Local Services,plumbers near me with good reviews,plumbirs near me wth good rewies
Local Services,plumbers near me with good reviews,plumbarz nere mee wth goo reveiws
Local Services,24-hour pharmacies in Boston,24-hr pharmacies in Boston
Local Services,24-hour pharmacies in Boston,24 hour pharmacies in Bostin
Local Services,24-hour pharmacies in Boston,24/hr pharmacys in Boston
Local Services,24-hour pharmacies in Boston,24-h pharmacy's in Bosston
Local Services,24-hour pharmacies in Boston,24hour pharmacies in Boston
Local Services,car repair shops in San Diego,car reepair shopz in San Diegeo
Local Services,car repair shops in San Diego,carr reapir shops in San Deegeyo
Local Services,car repair shops in San Diego,ccar rrepair shops in San Digeo
Local Services,car repair shops in San Diego,cars repaire shopis in San Diegoa
Local Services,car repair shops in San Diego,caar repair shoops in Sandiego
Local Services,affordable wedding photographers in New York,afordable wdding phottographers in New Yrok
Local Services,affordable wedding photographers in New York,affordable weeding photogpraphers in Ne York City
Local Services,affordable wedding photographers in New York,affordale weddings photograpers in new york city
Local Services,affordable wedding photographers in New York,afforable wedding phottos in ny
Local Services,affordable wedding photographers in New York,affrodable wedding photograpes in New Yok
Local Services,dog groomers open on Sundays,dog grimeurs on sunday
Local Services,dog groomers open on Sundays,dgromers open on sundays
Local Services,dog groomers open on Sundays,doog groomers opn sundaes
Local Services,dog groomers open on Sundays,dogg roomers opn sunnday
Local Services,dog groomers open on Sundays,groomer's opn sunday
